Model,Accuracy,Precision,Recall,F1,AUC,CV_AUC
Logistic Regression,0.6560283687943262,0.6504854368932039,0.5234375,0.5800865800865801,0.662794237012987,0.6942356454207455
LightGBM,0.6453900709219859,0.6794871794871795,0.4140625,0.5145631067961165,0.6624644886363636,0.7017310798886233
Decision Tree,0.6382978723404256,0.6413043478260869,0.4609375,0.5363636363636364,0.6624644886363635,0.6774495671621572
Random Forest,0.6524822695035462,0.6785714285714286,0.4453125,0.5377358490566038,0.6607650162337664,0.6936197689209107
MLP,0.6347517730496454,0.6068376068376068,0.5546875,0.5795918367346938,0.6490462662337662,0.7013804669134313
SVM,0.6560283687943262,0.6823529411764706,0.453125,0.5446009389671361,0.6342329545454545,0.6841360441672688
