Model,Accuracy,Precision,Recall,F1,AUC,CV_AUC
Decision Tree,0.6171003717472119,0.5681818181818182,0.6198347107438017,0.5928853754940712,0.6794170203261112,0.7033694357526341
MLP,0.6171003717472119,0.5725806451612904,0.5867768595041323,0.5795918367346938,0.6578624078624078,0.7327357642340528
Random Forest,0.6394052044609665,0.6578947368421053,0.4132231404958678,0.5076142131979695,0.6566897475988385,0.7286211688939074
Logistic Regression,0.6394052044609665,0.625,0.49586776859504134,0.5529953917050692,0.6541210632119723,0.731719513770911
LightGBM,0.620817843866171,0.6043956043956044,0.45454545454545453,0.5188679245283019,0.6517478222023676,0.7246176090347025
SVM,0.6356877323420075,0.6161616161616161,0.5041322314049587,0.5545454545454546,0.6515523788251062,0.7159363190497238
